 ,LC311243.1__genotype:_A;_subgenotype:_A,LC311241.1__genotype:_A;_subgenotype:_A,MF772351.1__genotype:_A1___Hepatitis_B_,LC051141.1__genotype_A;_subgenotype_A1_,MF772345.1__genotype:_A2___Hepatitis_B_,MF772344.1__genotype:_A2___Hepatitis_B_,KY382410.1__genotype:_A2___Hepatitis_B_,LC057377.1__genotype_B___HBV_genotype_B,KY470956.1__genotype:_B___Hepatitis_B_v,KY470955.1__genotype:_B___Hepatitis_B_v,KY629636.1__subtype:_B3;_genotype:_B___,KY629635.1__subtype:_B3;_genotype:_B___,LC155820.1__Complete_genome;_genotype_C,KY470990.1__genotype:_C___Hepatitis_B_v,KY470989.1__genotype:_C___Hepatitis_B_v,KY470988.1__genotype:_C___Hepatitis_B_v,KT366464.1__genotype:_C___Hepatitis_B_v,MH220971.1__genotype:_C___Hepatitis_B_v,LC064379.1__genotype_C___HBV_genotype_B,MF488701.1__genotype:_C___Hepatitis_B_v,KY470991.1__genotype:_C___Hepatitis_B_v,LC155815.1__Complete_genome;_genotype_C,KY363287.1__subtype:_C2;_genotype:_C___,KY363286.1__subtype:_C2;_genotype:_C___,KY363252.1__subtype:_C2;_genotype:_C___,MF488703.1__genotype:_C___Hepatitis_B_v,KY670782.1__subtype:_C10;_genotype:_C__,KY670780.1__subtype:_C5;_genotype:_C___,KY629637.1__subtype:_C10;_genotype:_C__,KY629631.1__subtype:_C10;_genotype:_C__,MF488699.1__genotype:_D___Hepatitis_B_v,KT366491.1__genotype:_D___Hepatitis_B_v,KT366465.1__genotype:_D___Hepatitis_B_v,LC365689.1__genotype:_D;_subgenotype:_D,MH220970.1__genotype:_D___Hepatitis_B_v,KY886219.1__genotype:_D___Hepatitis_B_v,MF618350.1__genotype:_D___Hepatitis_B_v,MF618349.1__genotype:_D___Hepatitis_B_v,MF618348.1__genotype:_D___Hepatitis_B_v,KT366511.1__genotype:_D___Hepatitis_B_v,MF488704.1__genotype:_D___Hepatitis_B_v,MF488702.1__genotype:_D___Hepatitis_B_v,KY629634.1__subtype:_D1;_genotype:_D___,KY629633.1__subtype:_D1;_genotype:_D___,KY629630.1__subtype:_D1;_genotype:_D___,KP322604.2__genotype:_D7___Hepatitis_B_,KY382414.1__genotype:_D1___Hepatitis_B_,KY382413.1__genotype:_D1___Hepatitis_B_,KY382412.1__genotype:_D1___Hepatitis_B_,KP322603.2__genotype:_D5___Hepatitis_B_,MF772362.1__genotype:_E___Hepatitis_B_v,MF772360.1__genotype:_E___Hepatitis_B_v,MF772358.1__genotype:_E___Hepatitis_B_v,MF772357.1__genotype:_E___Hepatitis_B_v,MF772356.1__genotype:_E___Hepatitis_B_v,MF772355.1__genotype:_E___Hepatitis_B_v,MF772354.1__genotype:_E___Hepatitis_B_v,KY471007.1__genotype:_I___Hepatitis_B_v,KY471006.1__genotype:_I___Hepatitis_B_v,KY471005.1__genotype:_I___Hepatitis_B_v,KY471004.1__genotype:_I___Hepatitis_B_v,KY476332.1__genotype:_F___Hepatitis_B_v,KY476331.1__genotype:_F___Hepatitis_B_v,KY476330.1__genotype:_F___Hepatitis_B_v,KY458062.1__genotype:_F___Hepatitis_B_v,KY458061.1__genotype:_F___Hepatitis_B_v,KY382417.1__genotype:_F1b___Hepatitis_B,KY382416.1__genotype:_F1b___Hepatitis_B,KY382415.1__genotype:_F1b___Hepatitis_B,KY382411.1__genotype:_F4___Hepatitis_B_,KY004112.1__genotype:_G___Hepatitis_B_v,KY004111.1__genotype:_G___Hepatitis_B_v,MF618346.1__genotype:_Recombinant___Hep,MF618345.1__genotype:_Recombinant___Hep,MF618344.1__genotype:_Recombinant___Hep,MF488700.1__genotype:_recombinant___Hep,MF488705.1__genotype:_recombinant___Hep,MF488698.1__genotype:_recombinant___Hep,KY670781.1__genotype:_D/C___Hepatitis_B,KY629632.1__genotype:_D/C_recombination,MH051987.1__HBV_isolate_from_a_Warao_Am,MH051986.1__HBV_isolate_from_a_Warao_Am,chimp_HBV_AB032431.1_Hepatitis_B_virus_,bat_hbv_KY962698.1_Bat_Hepatitis_B_viru
LC311243.1__genotype:_A;_subgenotype:_A,0,5,137,142,96,74,23,298,291,298,284,290,276,283,288,283,294,285,304,300,283,266,294,286,298,294,282,281,279,288,348,315,313,295,299,8,292,317,308,298,305,301,311,311,289,282,289,291,297,300,310,308,345,335,353,344,326,221,225,228,232,437,445,452,438,436,454,450,450,449,354,351,290,291,297,176,168,257,267,277,457,458,313,313
LC311241.1__genotype:_A;_subgenotype:_A,5,0,137,142,97,75,22,297,292,299,287,293,276,283,288,283,296,287,306,302,283,266,294,286,298,296,282,281,279,288,348,313,311,297,299,9,290,315,306,298,307,303,313,314,291,283,291,293,299,302,310,308,345,335,353,344,325,221,225,228,232,440,448,455,439,437,454,450,450,452,354,351,292,293,299,176,168,257,267,277,460,461,313,313
MF772351.1__genotype:_A1___Hepatitis_B_,137,137,0,49,159,131,145,308,287,293,291,297,284,283,288,283,286,278,300,289,283,272,299,291,295,289,284,282,282,282,351,315,311,299,306,139,298,321,308,301,308,307,310,313,290,292,294,296,301,310,306,306,344,328,345,338,325,218,222,225,229,428,433,447,426,424,442,438,438,433,351,348,288,289,293,139,123,220,269,276,439,440,309,309
LC051141.1__genotype_A;_subgenotype_A1_,142,142,49,0,161,138,154,312,294,300,302,310,286,290,293,288,291,286,308,295,290,280,301,293,302,297,289,293,289,289,364,332,323,307,319,144,310,334,321,317,325,322,318,322,298,306,309,309,316,319,317,318,352,340,354,352,332,228,232,235,239,432,437,451,430,428,444,442,442,450,350,347,302,303,307,148,133,229,275,280,451,452,319,319
MF772345.1__genotype:_A2___Hepatitis_B_,96,97,159,161,0,49,103,322,311,317,315,325,294,309,308,307,299,291,310,308,309,294,313,305,314,312,293,301,306,305,365,338,333,322,317,98,314,334,324,323,330,329,328,332,313,305,316,316,323,325,341,335,369,364,378,362,354,238,244,243,247,446,450,455,446,444,456,454,458,471,377,372,312,312,316,196,188,278,292,298,466,467,343,343
MF772344.1__genotype:_A2___Hepatitis_B_,74,75,131,138,49,0,81,309,296,302,297,306,279,293,292,291,284,276,302,291,293,281,300,292,297,298,282,290,292,293,358,320,317,304,297,74,294,316,308,305,317,317,315,316,298,290,298,298,305,309,320,314,346,342,359,341,333,225,230,229,233,431,436,444,432,430,442,440,444,457,360,355,296,294,302,179,169,263,274,280,456,457,319,319
KY382410.1__genotype:_A2___Hepatitis_B_,23,22,145,154,103,81,0,299,295,301,287,295,286,289,294,289,301,292,312,308,289,272,300,292,303,304,286,288,284,292,353,321,319,305,303,25,296,323,313,306,316,311,322,322,299,294,299,301,307,310,323,322,358,346,362,353,337,229,234,237,241,440,448,455,439,435,455,451,451,451,362,359,299,300,306,188,174,269,275,283,461,462,326,326
LC057377.1__genotype_B___HBV_genotype_B,298,297,308,312,322,309,299,0,123,122,135,139,282,297,299,294,286,288,309,301,297,276,296,290,298,314,279,298,289,288,395,350,348,342,340,303,339,345,343,338,348,338,356,350,335,323,344,346,350,349,353,352,374,368,396,370,366,268,271,272,274,451,457,467,453,451,473,469,469,458,404,399,337,339,340,304,309,315,281,278,448,447,353,353
KY470956.1__genotype:_B___Hepatitis_B_v,291,292,287,294,311,296,295,123,0,20,125,127,275,291,293,288,277,278,305,294,291,269,291,285,295,304,275,290,286,284,398,343,345,334,344,296,334,344,337,336,344,340,346,343,323,324,337,339,345,345,357,355,385,378,400,374,366,262,263,264,266,450,455,472,451,449,470,466,466,450,400,395,333,337,332,299,297,314,280,284,441,440,356,356
KY470955.1__genotype:_B___Hepatitis_B_v,298,299,293,300,317,302,301,122,20,0,125,127,280,297,299,294,284,285,308,300,297,275,296,289,302,311,281,298,292,290,401,344,346,336,346,303,334,346,340,337,350,343,350,347,325,324,337,339,345,350,360,358,387,380,403,377,370,269,272,273,275,446,451,467,447,445,466,462,462,447,404,399,333,337,332,305,306,321,284,286,439,438,359,359
KY629636.1__subtype:_B3;_genotype:_B___,284,287,291,302,315,297,287,135,125,125,0,45,271,282,284,279,274,272,294,287,282,260,281,275,282,301,269,277,277,275,385,338,337,322,331,291,322,334,331,322,336,331,334,336,317,317,326,326,334,337,343,345,368,371,390,361,350,241,244,245,247,440,447,462,443,443,464,460,460,436,401,396,320,324,319,289,296,301,267,266,427,426,345,345
KY629635.1__subtype:_B3;_genotype:_B___,290,293,297,310,325,306,295,139,127,127,45,0,273,281,285,280,274,271,293,287,281,263,280,275,282,301,272,280,278,278,389,340,341,322,331,297,328,335,335,326,338,329,336,337,317,318,328,328,336,340,349,347,372,373,394,368,354,247,250,251,253,440,448,463,444,442,464,460,460,438,404,399,320,323,316,300,304,304,264,265,430,429,346,346
LC155820.1__Complete_genome;_genotype_C,276,276,284,286,294,279,286,282,275,280,271,273,0,115,115,114,127,126,153,137,115,69,93,86,92,163,108,163,111,113,369,326,332,317,299,277,319,326,327,323,321,320,332,333,322,304,320,320,327,318,327,333,351,348,365,350,343,215,215,214,216,433,432,455,438,436,453,449,453,448,392,386,286,282,247,280,280,210,122,125,438,439,330,330
KY470990.1__genotype:_C___Hepatitis_B_v,283,283,283,290,309,293,289,297,291,297,282,281,115,0,14,9,126,124,157,131,0,104,131,122,145,157,45,182,48,44,364,326,328,318,293,284,315,329,323,318,318,316,333,329,321,297,319,321,328,322,337,338,364,365,375,370,359,221,222,225,227,441,446,467,446,444,465,461,461,451,399,398,287,286,261,280,287,227,149,148,442,443,341,341
KY470989.1__genotype:_C___Hepatitis_B_v,288,288,288,293,308,292,294,299,293,299,284,285,115,14,0,11,126,124,157,131,14,108,128,121,144,160,43,187,52,48,369,331,333,323,297,289,320,330,328,323,322,322,334,333,326,302,324,324,333,325,341,340,363,369,379,370,362,224,224,223,225,442,443,463,447,445,462,458,462,452,402,399,291,289,266,283,291,229,150,150,443,444,345,345
KY470988.1__genotype:_C___Hepatitis_B_v,283,283,283,288,307,291,289,294,288,294,279,280,114,9,11,0,125,123,156,130,9,103,130,121,144,156,42,183,47,43,364,326,328,318,292,284,315,329,323,318,318,317,333,329,321,297,319,321,327,320,336,337,363,364,374,369,358,219,219,222,224,439,444,465,444,442,463,459,459,449,399,398,287,286,261,279,286,226,150,149,440,441,340,340
KT366464.1__genotype:_C___Hepatitis_B_v,294,296,286,291,299,284,301,286,277,284,274,274,127,126,126,125,0,47,111,61,126,129,141,133,146,93,119,198,124,124,370,338,339,326,287,297,328,333,335,325,327,326,334,335,325,312,327,327,334,320,344,337,364,369,379,364,356,226,227,226,230,428,429,448,437,435,448,446,450,442,380,375,303,297,272,285,285,245,162,159,432,433,345,345
MH220971.1__genotype:_C___Hepatitis_B_v,285,287,278,286,291,276,292,288,278,285,272,271,126,124,124,123,47,0,105,56,124,124,141,132,154,88,119,186,125,123,363,331,336,323,273,288,325,332,329,322,322,322,328,333,322,314,320,320,329,314,337,334,358,361,374,362,350,226,228,227,231,425,426,449,434,431,448,444,448,443,394,389,291,291,269,280,279,231,159,162,429,430,339,339
LC064379.1__genotype_C___HBV_genotype_B,304,306,300,308,310,302,312,309,305,308,294,293,153,157,157,156,111,105,0,116,157,151,171,162,183,131,147,219,152,150,384,344,346,338,303,307,335,345,350,332,344,342,340,349,338,325,341,339,350,346,364,364,374,380,388,380,378,247,249,248,252,446,448,457,455,453,465,465,469,455,412,409,318,314,283,303,300,258,178,178,444,445,362,362
MF488701.1__genotype:_C___Hepatitis_B_v,300,302,289,295,308,291,308,301,294,300,287,287,137,131,131,130,61,56,116,0,131,133,146,138,165,100,128,198,133,133,377,343,348,333,294,301,336,343,342,334,334,336,343,343,334,328,334,334,343,328,341,333,361,365,377,365,355,234,237,236,240,429,430,451,438,436,450,448,452,444,388,383,306,305,279,288,293,245,167,168,430,431,343,343
KY470991.1__genotype:_C___Hepatitis_B_v,283,283,283,290,309,293,289,297,291,297,282,281,115,0,14,9,126,124,157,131,0,104,131,122,145,157,45,182,48,44,364,326,328,318,293,284,315,329,323,318,318,316,333,329,321,297,319,321,328,322,337,338,364,365,375,370,359,221,222,225,227,441,446,467,446,444,465,461,461,451,399,398,287,286,261,280,287,227,149,148,442,443,341,341
LC155815.1__Complete_genome;_genotype_C,266,266,272,280,294,281,272,276,269,275,260,263,69,104,108,103,129,124,151,133,104,0,80,71,93,153,98,157,97,96,353,310,313,297,277,267,302,314,309,302,304,304,316,312,297,282,301,303,310,301,315,319,344,339,355,341,334,209,210,213,215,419,425,445,425,423,444,440,440,434,384,380,270,267,225,265,267,192,106,112,422,423,319,319
KY363287.1__subtype:_C2;_genotype:_C___,294,294,299,301,313,300,300,296,291,296,281,280,93,131,128,130,141,141,171,146,131,80,0,16,105,179,126,181,124,129,377,338,338,325,303,295,331,334,337,333,328,330,336,331,327,311,325,325,332,325,339,340,361,362,372,364,358,224,225,224,226,425,424,440,428,426,442,440,444,442,388,382,292,292,253,295,301,216,123,125,429,430,345,345
KY363286.1__subtype:_C2;_genotype:_C___,286,286,291,293,305,292,292,290,285,289,275,275,86,122,121,121,133,132,162,138,122,71,16,0,97,170,116,172,115,120,371,329,329,318,292,287,322,327,328,324,321,323,329,324,320,302,321,321,328,322,334,336,353,355,365,356,351,219,220,219,221,420,421,437,425,423,440,437,441,440,386,380,286,286,246,287,290,207,118,116,428,429,338,338
KY363252.1__subtype:_C2;_genotype:_C___,298,298,295,302,314,297,303,298,295,302,282,282,92,145,144,144,146,154,183,165,145,93,105,97,0,184,136,192,140,134,382,339,342,330,307,298,334,340,339,335,339,335,343,344,333,316,334,334,340,331,346,352,369,369,380,370,366,237,237,236,238,435,436,454,439,437,451,449,453,455,407,401,297,291,255,296,294,227,136,141,443,444,353,353
MF488703.1__genotype:_C___Hepatitis_B_v,294,296,289,297,312,298,304,314,304,311,301,301,163,157,160,156,93,88,131,100,157,153,179,170,184,0,152,220,154,152,366,337,339,327,284,297,325,344,333,325,316,329,340,341,327,323,328,330,337,320,331,328,356,355,365,363,346,251,253,256,260,433,438,460,444,442,462,458,458,443,401,398,296,291,269,279,278,241,189,198,431,432,332,332
KY670782.1__subtype:_C10;_genotype:_C__,282,282,284,289,293,282,286,279,275,281,269,272,108,45,43,42,119,119,147,128,45,98,126,116,136,152,0,185,47,41,362,320,324,314,294,283,311,321,316,314,320,319,326,324,314,298,313,313,321,318,339,338,362,365,377,366,357,220,220,219,221,437,439,458,441,439,456,452,456,446,395,392,288,285,262,280,288,227,150,147,440,441,343,343
KY670780.1__subtype:_C5;_genotype:_C___,281,281,282,293,301,290,288,298,290,298,277,280,163,182,187,183,198,186,219,198,182,157,181,172,192,220,185,0,180,183,375,335,335,327,311,282,324,343,339,327,329,325,342,335,332,316,324,327,332,331,330,327,354,358,364,352,345,235,235,238,243,431,436,456,436,434,452,448,448,432,392,389,302,301,277,281,281,246,198,197,428,429,330,330
KY629637.1__subtype:_C10;_genotype:_C__,279,279,282,289,306,292,284,289,286,292,277,278,111,48,52,47,124,125,152,133,48,97,124,115,140,154,47,180,0,41,363,324,325,315,294,280,311,327,321,316,316,316,329,329,317,297,315,317,323,319,340,342,361,364,376,367,358,222,222,225,227,433,439,457,437,435,456,452,452,441,392,389,285,284,258,281,283,220,147,151,434,435,341,341
KY629631.1__subtype:_C10;_genotype:_C__,288,288,282,289,305,293,292,288,284,290,275,278,113,44,48,43,124,123,150,133,44,96,129,120,134,152,41,183,41,0,360,323,325,317,294,289,312,328,318,315,318,317,333,330,319,297,316,318,325,315,345,348,372,371,381,373,364,219,219,222,224,435,439,460,439,437,458,454,454,444,392,389,291,289,264,279,286,227,150,151,438,439,349,349
MF488699.1__genotype:_D___Hepatitis_B_v,348,348,351,364,365,358,353,395,398,401,385,389,369,364,369,364,370,363,384,377,364,353,377,371,382,366,362,375,363,360,0,172,172,180,203,350,171,192,189,168,154,164,196,199,189,184,179,182,189,144,282,281,319,312,325,314,303,322,335,337,342,478,483,501,482,480,500,496,496,480,405,402,210,214,237,239,301,351,344,350,483,482,284,284
KT366491.1__genotype:_D___Hepatitis_B_v,315,313,315,332,338,320,321,350,343,344,338,340,326,326,331,326,338,331,344,343,326,310,338,329,339,337,320,335,324,323,172,0,38,72,98,317,43,83,81,35,120,113,97,96,84,115,76,79,86,142,237,238,280,269,285,280,258,289,297,300,304,441,447,463,446,444,462,458,458,435,359,356,159,157,180,234,275,307,296,298,435,436,233,233
KT366465.1__genotype:_D___Hepatitis_B_v,313,311,311,323,333,317,319,348,345,346,337,341,332,328,333,328,339,336,346,348,328,313,338,329,342,339,324,335,325,325,172,38,0,67,97,315,41,78,84,35,117,113,92,94,81,113,76,79,84,142,235,235,274,260,279,274,257,294,302,305,309,443,449,461,446,444,463,459,459,439,352,349,163,159,183,228,270,307,302,302,439,440,232,232
LC365689.1__genotype:_D;_subgenotype:_D,295,297,299,307,322,304,305,342,334,336,322,322,317,318,323,318,326,323,338,333,318,297,325,318,330,327,314,327,315,317,180,72,67,0,121,299,67,89,100,62,107,101,57,62,37,104,44,47,52,134,230,224,272,258,278,269,246,280,290,293,297,434,439,456,435,433,452,448,448,429,338,335,147,141,169,217,259,298,288,290,429,430,226,226
MH220970.1__genotype:_D___Hepatitis_B_v,299,299,306,319,317,297,303,340,344,346,331,331,299,293,297,292,287,273,303,294,293,277,303,292,307,284,294,311,294,294,203,98,97,121,0,299,96,136,140,91,156,155,141,138,124,150,123,126,131,183,255,254,291,282,295,287,276,265,273,276,280,453,460,475,461,458,478,474,474,454,387,384,192,190,214,230,267,308,269,265,457,458,253,253
KY886219.1__genotype:_D___Hepatitis_B_v,8,9,139,144,98,74,25,303,296,303,291,297,277,284,289,284,297,288,307,301,284,267,295,287,298,297,283,282,280,289,350,317,315,299,299,0,292,319,310,302,309,305,315,315,293,286,293,295,301,304,312,310,345,337,351,344,328,224,229,232,236,441,449,456,440,438,456,452,452,453,355,354,294,295,301,180,170,259,269,279,461,462,315,315
MF618350.1__genotype:_D___Hepatitis_B_v,292,290,298,310,314,294,296,339,334,334,322,328,319,315,320,315,328,325,335,336,315,302,331,322,334,325,311,324,311,312,171,43,41,67,96,292,0,78,78,34,113,110,92,91,75,113,71,74,81,144,232,232,271,261,278,266,249,279,286,289,293,435,441,459,434,435,454,450,450,427,342,339,154,148,172,223,258,296,290,292,430,431,227,227
MF618349.1__genotype:_D___Hepatitis_B_v,317,315,321,334,334,316,323,345,344,346,334,335,326,329,330,329,333,332,345,343,329,314,334,327,340,344,321,343,327,328,192,83,78,89,136,319,78,0,84,77,136,134,109,112,95,128,96,97,104,156,247,250,277,275,290,280,265,291,298,297,301,440,443,454,444,442,457,453,457,439,359,354,167,160,190,232,278,315,303,298,447,448,247,247
MF618348.1__genotype:_D___Hepatitis_B_v,308,306,308,321,324,308,313,343,337,340,331,335,327,323,328,323,335,329,350,342,323,309,337,328,339,333,316,339,321,318,189,81,84,100,140,310,78,84,0,72,128,126,120,120,102,102,102,105,111,141,234,237,278,269,286,267,255,296,304,307,310,440,447,464,445,443,462,458,458,449,355,352,118,111,160,236,266,308,294,294,442,443,230,230
KT366511.1__genotype:_D___Hepatitis_B_v,298,298,301,317,323,305,306,338,336,337,322,326,323,318,323,318,325,322,332,334,318,302,333,324,335,325,314,327,316,315,168,35,35,62,91,302,34,77,72,0,108,103,85,83,68,108,64,67,74,140,224,224,267,255,272,264,246,284,292,295,297,437,443,457,442,440,459,455,455,430,346,343,151,147,172,221,261,302,291,293,432,433,219,219
MF488704.1__genotype:_D___Hepatitis_B_v,305,307,308,325,330,317,316,348,344,350,336,338,321,318,322,318,327,322,344,334,318,304,328,321,339,316,320,329,316,318,154,120,117,107,156,309,113,136,128,108,0,73,123,130,113,123,105,108,115,138,238,239,279,273,288,281,261,284,292,294,299,441,445,462,446,445,464,460,460,446,356,353,154,157,182,201,250,297,299,301,438,439,237,237
MF488702.1__genotype:_D___Hepatitis_B_v,301,303,307,322,329,317,311,338,340,343,331,329,320,316,322,317,326,322,342,336,316,304,330,323,335,329,319,325,316,317,164,113,113,101,155,305,110,134,126,103,73,0,122,128,109,119,101,104,111,148,239,236,278,265,283,277,257,282,289,291,297,443,449,464,446,445,464,460,460,448,363,360,158,161,183,209,258,302,295,295,438,439,236,236
KY629634.1__subtype:_D1;_genotype:_D___,311,313,310,318,328,315,322,356,346,350,334,336,332,333,334,333,334,328,340,343,333,316,336,329,343,340,326,342,329,333,196,97,92,57,141,315,92,109,120,85,123,122,0,76,63,125,71,70,79,158,253,245,280,278,301,279,268,294,305,302,308,450,451,458,453,451,464,462,466,444,357,352,166,162,187,232,273,311,297,300,449,450,250,250
KY629633.1__subtype:_D1;_genotype:_D___,311,314,313,322,332,316,322,350,343,347,336,337,333,329,333,329,335,333,349,343,329,312,331,324,344,341,324,335,329,330,199,96,94,62,138,315,91,112,120,83,130,128,76,0,68,123,75,76,81,160,249,242,284,275,289,282,264,300,309,309,314,451,457,472,456,454,471,468,469,446,354,350,168,168,192,230,271,316,298,295,448,449,245,245
KY629630.1__subtype:_D1;_genotype:_D___,289,291,290,298,313,298,299,335,323,325,317,317,322,321,326,321,325,322,338,334,321,297,327,320,333,327,314,332,317,319,189,84,81,37,124,293,75,95,102,68,113,109,63,68,0,105,58,60,66,141,225,221,265,255,272,259,239,280,289,290,296,427,434,449,430,428,446,443,443,425,344,341,154,150,179,215,255,295,289,290,427,428,221,221
KP322604.2__genotype:_D7___Hepatitis_B_,282,283,292,306,305,290,294,323,324,324,317,318,304,297,302,297,312,314,325,328,297,282,311,302,316,323,298,316,297,297,184,115,113,104,150,286,113,128,102,108,123,119,125,123,105,0,106,109,113,137,211,216,247,245,257,241,228,270,279,281,284,422,430,444,428,427,444,440,440,417,341,338,124,125,153,219,255,292,279,273,419,420,205,205
KY382414.1__genotype:_D1___Hepatitis_B_,289,291,294,309,316,298,299,344,337,337,326,328,320,319,324,319,327,320,341,334,319,301,325,321,334,328,313,324,315,316,179,76,76,44,123,293,71,96,102,64,105,101,71,75,58,106,0,5,10,142,235,231,277,262,285,274,251,281,289,292,296,438,444,460,441,439,458,454,454,430,340,337,146,143,168,212,254,301,295,294,432,433,231,231
KY382413.1__genotype:_D1___Hepatitis_B_,291,293,296,309,316,298,301,346,339,339,326,328,320,321,324,321,327,320,339,334,321,303,325,321,334,330,313,327,317,318,182,79,79,47,126,295,74,97,105,67,108,104,70,76,60,109,5,0,15,145,237,233,275,264,285,274,251,283,291,292,296,440,444,460,443,441,458,455,457,433,342,338,149,146,171,215,256,303,294,292,434,435,233,233
KY382412.1__genotype:_D1___Hepatitis_B_,297,299,301,316,323,305,307,350,345,345,334,336,327,328,333,327,334,329,350,343,328,310,332,328,340,337,321,332,323,325,189,86,84,52,131,301,81,104,111,74,115,111,79,81,66,113,10,15,0,152,243,239,283,270,291,281,259,289,297,300,305,446,452,466,449,447,466,462,462,438,346,343,156,153,178,219,262,309,304,301,440,441,239,239
KP322603.2__genotype:_D5___Hepatitis_B_,300,302,310,319,325,309,310,349,345,350,337,340,318,322,325,320,320,314,346,328,322,301,325,322,331,320,318,331,319,315,144,142,142,134,183,304,144,156,141,140,138,148,158,160,141,137,142,145,152,0,246,252,289,283,299,288,260,282,289,291,296,419,417,437,425,423,443,439,439,419,353,350,168,165,185,245,284,305,297,292,425,424,249,249
MF772362.1__genotype:_E___Hepatitis_B_v,310,310,306,317,341,320,323,353,357,360,343,349,327,337,341,336,344,337,364,341,337,315,339,334,346,331,339,330,340,345,282,237,235,230,255,312,232,247,234,224,238,239,253,249,225,211,235,237,243,246,0,32,65,60,77,104,64,285,294,297,303,428,429,453,426,424,446,442,442,447,332,330,250,253,264,267,282,330,322,321,450,451,32,32
MF772360.1__genotype:_E___Hepatitis_B_v,308,308,306,318,335,314,322,352,355,358,345,347,333,338,340,337,337,334,364,333,338,319,340,336,352,328,338,327,342,348,281,238,235,224,254,310,232,250,237,224,239,236,245,242,221,216,231,233,239,252,32,0,82,66,95,106,69,291,300,303,309,431,434,456,429,428,447,445,445,450,335,333,248,251,263,262,280,336,322,325,454,455,38,38
MF772358.1__genotype:_E___Hepatitis_B_v,345,345,344,352,369,346,358,374,385,387,368,372,351,364,363,363,364,358,374,361,364,344,361,353,369,356,362,354,361,372,319,280,274,272,291,345,271,277,278,267,279,278,280,284,265,247,277,275,283,289,65,82,0,96,111,126,108,318,329,328,334,456,453,463,454,452,467,466,470,476,362,358,285,288,298,303,322,364,349,346,480,478,78,78
MF772357.1__genotype:_E___Hepatitis_B_v,335,335,328,340,364,342,346,368,378,380,371,373,348,365,369,364,369,361,380,365,365,339,362,355,369,355,365,358,364,371,312,269,260,258,282,337,261,275,269,255,273,265,278,275,255,245,262,264,270,283,60,66,96,0,103,124,98,316,325,328,334,448,449,462,446,444,466,462,462,471,365,363,278,281,291,289,307,352,344,347,471,472,68,68
MF772356.1__genotype:_E___Hepatitis_B_v,353,353,345,354,378,359,362,396,400,403,390,394,365,375,379,374,379,374,388,377,375,355,372,365,380,365,377,364,376,381,325,285,279,278,295,351,278,290,286,272,288,283,301,289,272,257,285,285,291,299,77,95,111,103,0,148,123,327,336,339,345,468,466,482,466,464,487,483,483,482,371,369,295,297,310,304,322,370,361,356,483,484,94,94
MF772355.1__genotype:_E___Hepatitis_B_v,344,344,338,352,362,341,353,370,374,377,361,368,350,370,370,369,364,362,380,365,370,341,364,356,370,363,366,352,367,373,314,280,274,269,287,344,266,280,267,264,281,277,279,282,259,241,274,274,281,288,104,106,126,124,148,0,97,313,328,327,331,456,453,471,454,452,468,466,470,476,354,350,278,284,292,299,323,365,342,345,482,483,100,100
MF772354.1__genotype:_E___Hepatitis_B_v,326,325,325,332,354,333,337,366,366,370,350,354,343,359,362,358,356,350,378,355,359,334,358,351,366,346,357,345,358,364,303,258,257,246,276,328,249,265,255,246,261,257,268,264,239,228,251,251,259,260,64,69,108,98,123,97,0,304,313,315,321,445,443,467,441,439,460,456,457,465,348,346,265,269,281,286,306,348,337,342,469,470,62,62
KY471007.1__genotype:_I___Hepatitis_B_v,221,221,218,228,238,225,229,268,262,269,241,247,215,221,224,219,226,226,247,234,221,209,224,219,237,251,220,235,222,219,322,289,294,280,265,224,279,291,296,284,284,282,294,300,280,270,281,283,289,282,285,291,318,316,327,313,304,0,9,10,17,400,410,423,406,405,424,420,420,396,325,324,282,286,294,233,221,258,216,219,405,406,295,295
KY471006.1__genotype:_I___Hepatitis_B_v,225,225,222,232,244,230,234,271,263,272,244,250,215,222,224,219,227,228,249,237,222,210,225,220,237,253,220,235,222,219,335,297,302,290,273,229,286,298,304,292,292,289,305,309,289,279,289,291,297,289,294,300,329,325,336,328,313,9,0,7,15,408,418,433,415,414,433,429,429,406,327,326,291,295,303,237,227,261,217,220,412,413,305,305
KY471005.1__genotype:_I___Hepatitis_B_v,228,228,225,235,243,229,237,272,264,273,245,251,214,225,223,222,226,227,248,236,225,213,224,219,236,256,219,238,225,222,337,300,305,293,276,232,289,297,307,295,294,291,302,309,290,281,292,292,300,291,297,303,328,328,339,327,315,10,7,0,12,409,415,430,416,415,430,426,430,407,328,325,294,298,306,239,229,264,216,219,413,414,308,308
KY471004.1__genotype:_I___Hepatitis_B_v,232,232,229,239,247,233,241,274,266,275,247,253,216,227,225,224,230,231,252,240,227,215,226,221,238,260,221,243,227,224,342,304,309,297,280,236,293,301,310,297,299,297,308,314,296,284,296,296,305,296,303,309,334,334,345,331,321,17,15,12,0,415,421,436,422,421,435,431,435,413,330,327,296,300,308,244,234,270,220,221,419,420,314,314
KY476332.1__genotype:_F___Hepatitis_B_v,437,440,428,432,446,431,440,451,450,446,440,440,433,441,442,439,428,425,446,429,441,419,425,420,435,433,437,431,433,435,478,441,443,434,453,441,435,440,440,437,441,443,450,451,427,422,438,440,446,419,428,431,456,448,468,456,445,400,408,409,415,0,31,53,29,27,56,52,52,166,466,463,418,421,420,422,431,460,432,435,168,165,431,431
KY476331.1__genotype:_F___Hepatitis_B_v,445,448,433,437,450,436,448,457,455,451,447,448,432,446,443,444,429,426,448,430,446,425,424,421,436,438,439,436,439,439,483,447,449,439,460,449,441,443,447,443,445,449,451,457,434,430,444,444,452,417,429,434,453,449,466,453,443,410,418,415,421,31,0,54,36,34,57,53,57,175,471,466,425,428,427,425,439,465,433,438,172,170,432,432
KY476330.1__genotype:_F___Hepatitis_B_v,452,455,447,451,455,444,455,467,472,467,462,463,455,467,463,465,448,449,457,451,467,445,440,437,454,460,458,456,457,460,501,463,461,456,475,456,459,454,464,457,462,464,458,472,449,444,460,460,466,437,453,456,463,462,482,471,467,423,433,430,436,53,54,0,58,56,79,75,79,195,484,479,444,447,448,442,452,483,449,451,193,190,456,456
KY458062.1__genotype:_F___Hepatitis_B_v,438,439,426,430,446,432,439,453,451,447,443,444,438,446,447,444,437,434,455,438,446,425,428,425,439,444,441,436,437,439,482,446,446,435,461,440,434,444,445,442,446,446,453,456,430,428,441,443,449,425,426,429,454,446,466,454,441,406,415,416,422,29,36,58,0,5,38,34,34,174,468,465,422,425,425,420,433,465,434,441,170,167,429,429
KY458061.1__genotype:_F___Hepatitis_B_v,436,437,424,428,444,430,435,451,449,445,443,442,436,444,445,442,435,431,453,436,444,423,426,423,437,442,439,434,435,437,480,444,444,433,458,438,435,442,443,440,445,445,451,454,428,427,439,441,447,423,424,428,452,444,464,452,439,405,414,415,421,27,34,56,5,0,35,31,31,172,464,461,420,423,423,419,432,463,434,439,168,165,427,427
KY382417.1__genotype:_F1b___Hepatitis_B,454,454,442,444,456,442,455,473,470,466,464,464,453,465,462,463,448,448,465,450,465,444,442,440,451,462,456,452,456,458,500,462,463,452,478,456,454,457,462,459,464,464,464,471,446,444,458,458,466,443,446,447,467,466,487,468,460,424,433,430,435,56,57,79,38,35,0,4,4,189,483,478,438,442,439,438,452,481,449,454,189,186,449,449
KY382416.1__genotype:_F1b___Hepatitis_B,450,450,438,442,454,440,451,469,466,462,460,460,449,461,458,459,446,444,465,448,461,440,440,437,449,458,452,448,452,454,496,458,459,448,474,452,450,453,458,455,460,460,462,468,443,440,454,455,462,439,442,445,466,462,483,466,456,420,429,426,431,52,53,75,34,31,4,0,4,185,481,476,434,438,435,434,448,477,447,452,185,182,445,445
KY382415.1__genotype:_F1b___Hepatitis_B,450,450,438,442,458,444,451,469,466,462,460,460,453,461,462,459,450,448,469,452,461,440,444,441,453,458,456,448,452,454,496,458,459,448,474,452,450,457,458,455,460,460,466,469,443,440,454,457,462,439,442,445,470,462,483,470,457,420,429,430,435,52,57,79,34,31,4,4,0,185,483,480,434,438,435,434,448,477,451,456,185,182,445,445
KY382411.1__genotype:_F4___Hepatitis_B_,449,452,433,450,471,457,451,458,450,447,436,438,448,451,452,449,442,443,455,444,451,434,442,440,455,443,446,432,441,444,480,435,439,429,454,453,427,439,449,430,446,448,444,446,425,417,430,433,438,419,447,450,476,471,482,476,465,396,406,407,413,166,175,195,174,172,189,185,185,0,468,465,428,432,431,430,445,474,442,440,125,122,447,447
KY004112.1__genotype:_G___Hepatitis_B_v,354,354,351,350,377,360,362,404,400,404,401,404,392,399,402,399,380,394,412,388,399,384,388,386,407,401,395,392,392,392,405,359,352,338,387,355,342,359,355,346,356,363,357,354,344,341,340,342,346,353,332,335,362,365,371,354,348,325,327,328,330,466,471,484,468,464,483,481,483,468,0,8,354,356,360,360,363,404,379,386,464,465,338,338
KY004111.1__genotype:_G___Hepatitis_B_v,351,351,348,347,372,355,359,399,395,399,396,399,386,398,399,398,375,389,409,383,398,380,382,380,401,398,392,389,389,389,402,356,349,335,384,354,339,354,352,343,353,360,352,350,341,338,337,338,343,350,330,333,358,363,369,350,346,324,326,325,327,463,466,479,465,461,478,476,480,465,8,0,351,353,357,357,362,403,373,380,461,462,336,336
MF618346.1__genotype:_Recombinant___Hep,290,292,288,302,312,296,299,337,333,333,320,320,286,287,291,287,303,291,318,306,287,270,292,286,297,296,288,302,285,291,210,159,163,147,192,294,154,167,118,151,154,158,166,168,154,124,146,149,156,168,250,248,285,278,295,278,265,282,291,294,296,418,425,444,422,420,438,434,434,428,354,351,0,26,60,225,260,261,270,272,422,423,246,246
MF618345.1__genotype:_Recombinant___Hep,291,293,289,303,312,294,300,339,337,337,324,323,282,286,289,286,297,291,314,305,286,267,292,286,291,291,285,301,284,289,214,157,159,141,190,295,148,160,111,147,157,161,162,168,150,125,143,146,153,165,253,251,288,281,297,284,269,286,295,298,300,421,428,447,425,423,442,438,438,432,356,353,26,0,59,230,264,262,261,266,427,428,250,250
MF618344.1__genotype:_Recombinant___Hep,297,299,293,307,316,302,306,340,332,332,319,316,247,261,266,261,272,269,283,279,261,225,253,246,255,269,262,277,258,264,237,180,183,169,214,301,172,190,160,172,182,183,187,192,179,153,168,171,178,185,264,263,298,291,310,292,281,294,303,306,308,420,427,448,425,423,439,435,435,431,360,357,60,59,0,250,273,236,249,252,418,419,260,260
MF488700.1__genotype:_recombinant___Hep,176,176,139,148,196,179,188,304,299,305,289,300,280,280,283,279,285,280,303,288,280,265,295,287,296,279,280,281,281,279,239,234,228,217,230,180,223,232,236,221,201,209,232,230,215,219,212,215,219,245,267,262,303,289,304,299,286,233,237,239,244,422,425,442,420,419,438,434,434,430,360,357,225,230,250,0,87,203,270,279,433,434,267,267
MF488705.1__genotype:_recombinant___Hep,168,168,123,133,188,169,174,309,297,306,296,304,280,287,291,286,285,279,300,293,287,267,301,290,294,278,288,281,283,286,301,275,270,259,267,170,258,278,266,261,250,258,273,271,255,255,254,256,262,284,282,280,322,307,322,323,306,221,227,229,234,431,439,452,433,432,452,448,448,445,363,362,260,264,273,87,0,212,274,279,445,446,282,282
MF488698.1__genotype:_recombinant___Hep,257,257,220,229,278,263,269,315,314,321,301,304,210,227,229,226,245,231,258,245,227,192,216,207,227,241,227,246,220,227,351,307,307,298,308,259,296,315,308,302,297,302,311,316,295,292,301,303,309,305,330,336,364,352,370,365,348,258,261,264,270,460,465,483,465,463,481,477,477,474,404,403,261,262,236,203,212,0,193,205,471,472,334,334
KY670781.1__genotype:_D/C___Hepatitis_B,267,267,269,275,292,274,275,281,280,284,267,264,122,149,150,150,162,159,178,167,149,106,123,118,136,189,150,198,147,150,344,296,302,288,269,269,290,303,294,291,299,295,297,298,289,279,295,294,304,297,322,322,349,344,361,342,337,216,217,216,220,432,433,449,434,434,449,447,451,442,379,373,270,261,249,270,274,193,0,71,440,441,328,328
KY629632.1__genotype:_D/C_recombination,277,277,276,280,298,280,283,278,284,286,266,265,125,148,150,149,159,162,178,168,148,112,125,116,141,198,147,197,151,151,350,298,302,290,265,279,292,298,294,293,301,295,300,295,290,273,294,292,301,292,321,325,346,347,356,345,342,219,220,219,221,435,438,451,441,439,454,452,456,440,386,380,272,266,252,279,279,205,71,0,437,438,329,329
MH051987.1__HBV_isolate_from_a_Warao_Am,457,460,439,451,466,456,461,448,441,439,427,430,438,442,443,440,432,429,444,430,442,422,429,428,443,431,440,428,434,438,483,435,439,429,457,461,430,447,442,432,438,438,449,448,427,419,432,434,440,425,450,454,480,471,483,482,469,405,412,413,419,168,172,193,170,168,189,185,185,125,464,461,422,427,418,433,445,471,440,437,0,4,451,451
MH051986.1__HBV_isolate_from_a_Warao_Am,458,461,440,452,467,457,462,447,440,438,426,429,439,443,444,441,433,430,445,431,443,423,430,429,444,432,441,429,435,439,482,436,440,430,458,462,431,448,443,433,439,439,450,449,428,420,433,435,441,424,451,455,478,472,484,483,470,406,413,414,420,165,170,190,167,165,186,182,182,122,465,462,423,428,419,434,446,472,441,438,4,0,452,452
chimp_HBV_AB032431.1_Hepatitis_B_virus_,313,313,309,319,343,319,326,353,356,359,345,346,330,341,345,340,345,339,362,343,341,319,345,338,353,332,343,330,341,349,284,233,232,226,253,315,227,247,230,219,237,236,250,245,221,205,231,233,239,249,32,38,78,68,94,100,62,295,305,308,314,431,432,456,429,427,449,445,445,447,338,336,246,250,260,267,282,334,328,329,451,452,0,0
bat_hbv_KY962698.1_Bat_Hepatitis_B_viru,313,313,309,319,343,319,326,353,356,359,345,346,330,341,345,340,345,339,362,343,341,319,345,338,353,332,343,330,341,349,284,233,232,226,253,315,227,247,230,219,237,236,250,245,221,205,231,233,239,249,32,38,78,68,94,100,62,295,305,308,314,431,432,456,429,427,449,445,445,447,338,336,246,250,260,267,282,334,328,329,451,452,0,0
